-- phpMyAdmin SQL Dump
-- version 4.8.3
-- https://www.phpmyadmin.net/
--
-- Host: localhost:3306
-- Generation Time: Feb 15, 2019 at 09:13 AM
-- Server version: 5.5.61-cll
-- PHP Version: 7.2.7

SET SQL_MODE = "NO_AUTO_VALUE_ON_ZERO";
SET AUTOCOMMIT = 0;
START TRANSACTION;
SET time_zone = "+00:00";


/*!40101 SET @OLD_CHARACTER_SET_CLIENT=@@CHARACTER_SET_CLIENT */;
/*!40101 SET @OLD_CHARACTER_SET_RESULTS=@@CHARACTER_SET_RESULTS */;
/*!40101 SET @OLD_COLLATION_CONNECTION=@@COLLATION_CONNECTION */;
/*!40101 SET NAMES utf8mb4 */;

--
-- Database: `eliteweb_bence`
--

-- --------------------------------------------------------

--
-- Table structure for table `expenses2015`
--

CREATE TABLE `expenses2015` (
  `accNo` varchar(50) CHARACTER SET utf8 COLLATE utf8_unicode_ci NOT NULL,
  `Jan` decimal(8,2) DEFAULT NULL,
  `Feb` decimal(8,2) DEFAULT NULL,
  `Mar` decimal(8,2) DEFAULT NULL,
  `Apr` decimal(8,2) DEFAULT NULL,
  `May` decimal(8,2) DEFAULT NULL,
  `Jun` decimal(8,2) DEFAULT NULL,
  `Jul` decimal(8,2) DEFAULT NULL,
  `Aug` decimal(8,2) DEFAULT NULL,
  `Sep` decimal(8,2) DEFAULT NULL,
  `Oct` decimal(8,2) DEFAULT NULL,
  `Nov` decimal(8,2) DEFAULT NULL,
  `Dec` decimal(8,2) DEFAULT NULL,
  `Total` decimal(12,2) DEFAULT NULL
) ENGINE=InnoDB DEFAULT CHARSET=latin1;

--
-- Dumping data for table `expenses2015`
--

INSERT INTO `expenses2015` (`accNo`, `Jan`, `Feb`, `Mar`, `Apr`, `May`, `Jun`, `Jul`, `Aug`, `Sep`, `Oct`, `Nov`, `Dec`, `Total`) VALUES
('', NULL, NULL, '0.00', '0.00', '0.00', '0.00', '0.00', '0.00', '0.00', '0.00', '0.00', NULL, '15056.55'),
('00012106', NULL, NULL, '1362.32', '2216.72', '2665.03', '1252.71', '2095.75', '2515.89', '3808.45', '2567.50', '404.82', NULL, '18889.19'),
('000127264', NULL, NULL, '0.00', NULL, NULL, NULL, NULL, NULL, NULL, NULL, NULL, NULL, NULL),
('00014052', NULL, NULL, '9963.32', '17929.19', '9569.49', '12688.30', '3916.78', '5467.83', '8619.48', '4837.14', '1570.49', NULL, '74562.02'),
('00014230', NULL, NULL, '2878.62', '4182.31', '2389.55', '4145.13', '4695.87', '6607.18', '5969.89', '2946.35', '3301.56', NULL, '37116.46'),
('000238', NULL, NULL, NULL, NULL, '0.00', '0.00', NULL, NULL, NULL, NULL, NULL, NULL, NULL),
('00024678', NULL, NULL, '8278.76', '986.04', '9642.39', '7526.80', '15745.90', '19791.24', '45360.28', '24174.68', '38664.62', NULL, '170170.71'),
('00025925', NULL, NULL, '3220.84', '1195.75', '3905.30', '499.13', '3152.71', '1167.34', '3174.72', '4101.09', '6157.01', NULL, '26573.89'),
('00026182', NULL, NULL, '0.00', '0.00', '164.75', '67.93', '-23.24', '0.00', '0.00', '14.05', '542.75', NULL, '766.24'),
('00029114', NULL, NULL, '765.84', '733.29', '144.27', '0.00', '0.00', '0.00', '0.00', '0.00', '212.78', NULL, '1856.18'),
('00035742', NULL, NULL, '5717.84', '3400.41', '3765.31', '3133.38', '8852.10', '8204.62', '7745.71', '13568.22', '3684.76', NULL, '58072.35'),
('00038350', NULL, NULL, '1289.88', '-639.35', '3672.00', '674.75', '-12.37', '0.00', '622.21', '455.53', '248.80', NULL, '6311.45'),
('00038512 ', NULL, NULL, '17952.47', '4844.49', '1441.08', '3073.07', '2309.81', '658.12', '1630.71', '128.01', '0.00', NULL, '32037.76'),
('00039640', NULL, NULL, '915.42', '3012.18', '1260.19', '1369.45', '416.66', '368.26', '646.26', '2202.43', '546.10', NULL, '10736.95'),
('00040789', NULL, NULL, '100.40', '1701.45', '2586.84', '579.85', '321.28', '932.59', '107.32', '118.51', '-272.19', NULL, '6176.05'),
('00042986', NULL, NULL, '2891.95', '3784.14', '12320.50', '6116.35', '4367.84', '3882.59', '2576.64', '3507.20', '5804.67', NULL, '45251.88'),
('00043060', NULL, NULL, '139.68', '113.99', '286.20', '0.00', '984.20', '735.37', '197.48', '932.79', '46.72', NULL, '3436.43'),
('00055042', NULL, NULL, '241.88', '2207.41', '468.79', '262.85', '87.40', '6570.67', '2454.61', '4821.59', '237.84', NULL, '17353.04'),
('00058130', NULL, NULL, '279.77', '1404.89', '1230.54', '11815.85', '2259.32', '744.63', '1292.29', '617.55', '1096.81', NULL, '20741.65'),
('00058548', NULL, NULL, '595.42', '0.00', '0.00', '1170.82', '5537.41', '3896.07', '0.00', '0.00', '907.18', NULL, '12106.90'),
('00058637', NULL, NULL, '18.29', '141.43', '8.11', '0.00', '0.00', '30.12', '-19.60', '0.00', '146.31', NULL, '324.66'),
('00058807', NULL, NULL, '2440.80', '2258.73', '5837.11', '5909.94', '1716.95', '3595.51', '3553.00', '3191.10', '1425.41', NULL, '29928.55'),
('00061158', NULL, NULL, '1504.67', '4330.16', '3749.01', '148.10', '1678.21', '247.50', '966.24', '728.07', '522.76', NULL, '13874.72'),
('00063339', NULL, NULL, '3336.83', '1615.39', '1106.24', '133.38', '1047.70', '1408.18', '286.51', '399.20', '402.14', NULL, '9735.57'),
('00066346', NULL, NULL, '3743.53', '3606.75', '1988.33', '1263.79', '1297.66', '1991.83', '242.55', '261.53', '1079.62', NULL, '15475.59'),
('00067121', NULL, NULL, '3402.50', '1382.80', '897.70', '6621.66', '782.31', '1063.82', '33.75', '1244.03', '-1061.15', NULL, '14367.42'),
('00072731', NULL, NULL, '530.31', '800.89', '3164.33', '70.01', '1056.80', '1221.43', '318.47', '501.03', '1.19', NULL, '7664.46'),
('00076252', NULL, NULL, '589.02', '1229.64', '-249.20', '1303.35', '466.72', '278.61', '712.86', '428.73', '1231.77', NULL, '5991.50'),
('00077844', NULL, NULL, '1237.35', '723.23', '2326.31', '-1070.46', '310.00', '488.62', '66.53', '2528.10', '6332.80', NULL, '12942.48'),
('00078166', NULL, NULL, '1226.71', '1719.85', '1158.49', '1336.23', '3848.45', '3325.48', '2136.25', '1089.27', '817.18', NULL, '16657.91'),
('00079766', NULL, NULL, '-275.61', '433.10', '5139.07', '742.97', '1301.27', '3847.71', '3243.21', '1403.32', '282.01', NULL, '16117.05'),
('00080705', NULL, NULL, '1598.13', '103.15', '2355.33', '623.59', '1976.08', '1958.93', '726.73', '1383.48', '361.73', NULL, '11087.15'),
('00082783', NULL, NULL, '822.96', '299.95', '872.73', '-273.71', '349.40', '0.00', '-35.47', '2350.56', '2834.27', NULL, '7220.69'),
('00085421', NULL, NULL, '0.00', '0.00', '0.00', '0.00', '0.00', '0.00', '0.00', '338.36', '155.80', NULL, '494.16'),
('00091057', NULL, NULL, '816.82', '451.06', '1187.44', '647.74', '734.04', '1579.91', '82.69', '32.57', '140.89', NULL, '5673.16'),
('00091391', NULL, NULL, '1270.73', '5523.11', '3457.32', '1462.14', '4319.67', '1383.03', '3540.88', '1617.39', '1921.43', NULL, '24495.70'),
('00093653', NULL, NULL, '10814.55', '4896.35', '14661.33', '7172.75', '7637.07', '4840.48', '8148.37', '15863.05', '12317.27', NULL, '86351.22'),
('00095265', NULL, NULL, '24.29', '0.00', '28.19', '615.24', '1271.29', '427.02', '149.90', '11.60', '88.92', NULL, '2616.45'),
('00100323', NULL, NULL, '598.41', '1350.56', '1247.73', '3631.46', '666.40', '4480.71', '88.23', '5582.78', '3263.76', NULL, '20910.04'),
('00101559', NULL, NULL, '3090.78', '115.37', '684.14', '71.07', '1435.23', '1023.19', '1191.51', '1842.88', '2545.08', NULL, '11999.25'),
('00101826', NULL, NULL, '1192.73', '2434.63', '1561.94', '4525.04', '2377.94', '3737.80', '7814.03', '358.66', '1492.30', NULL, '25495.07'),
('00103667', NULL, NULL, '191.40', '611.37', '3897.55', '3364.63', '1550.08', '5789.50', '654.61', '1053.10', '1418.21', NULL, '18530.45'),
('00106704', NULL, NULL, '1206.61', '3887.28', '2313.79', '1424.06', '411.21', '5540.04', '1215.86', '2602.99', '0.00', NULL, '18601.84'),
('0010678', NULL, NULL, NULL, NULL, '598.00', '0.00', NULL, NULL, NULL, NULL, NULL, NULL, NULL),
('0010678X', NULL, NULL, '0.00', '985.31', '598.00', '0.00', '0.00', '40.13', '2954.20', '323.43', '0.00', NULL, '4901.07'),
('00117781', NULL, NULL, '1339.82', '867.63', '735.68', '322.70', '-9.02', '891.95', '875.29', '1278.57', '657.77', NULL, '6960.39'),
('00118419', NULL, NULL, '1462.90', '13521.05', '9937.41', '15403.73', '46429.09', '48890.62', '51343.79', '47934.50', '49879.11', NULL, '284802.20'),
('00123633', NULL, NULL, '613.78', '381.16', '1104.49', '1105.53', '1162.94', '1113.41', '945.95', '1877.24', '2331.63', NULL, '10636.13'),
('00125997', NULL, NULL, '1994.73', '599.08', '0.00', '1986.16', '254.53', '134.01', '1217.53', '498.80', '1281.26', NULL, '7966.10'),
('00126063', NULL, NULL, '5405.45', '3040.24', '3034.17', '3485.67', '2664.17', '742.85', '2284.92', '1706.31', '698.54', NULL, '23062.32'),
('00126950', NULL, NULL, '72.13', '2308.01', '5495.64', '4255.47', '1980.58', '0.00', '2086.71', '3096.85', '3005.76', NULL, '22301.15'),
('00127264  ', NULL, NULL, '2099.10', '488.07', '765.14', '1288.29', '194.50', '0.00', '3036.65', '2672.64', '794.65', NULL, '11339.04'),
('00127825', NULL, NULL, '2108.98', '1878.98', '1464.95', '854.45', '2601.44', '2898.81', '4326.09', '1024.29', '1316.72', NULL, '18474.71'),
('00132446', NULL, NULL, '142.18', '15.77', '91.60', '3.90', '301.48', '0.00', '0.00', '0.00', '0.00', NULL, '554.93'),
('0013676', NULL, NULL, NULL, NULL, '2098.95', '1186.92', NULL, NULL, NULL, NULL, NULL, NULL, NULL),
('0013676X', NULL, NULL, '1591.03', '1311.75', '2098.95', '1186.92', '592.77', '0.00', '2308.80', '0.00', '1413.15', NULL, '10503.37'),
('00137618', NULL, NULL, '581.13', '541.12', '860.58', '143.09', '1465.45', '1233.50', '150.04', '370.19', '173.83', NULL, '5518.93'),
('00142557', NULL, NULL, '1481.15', '366.98', '3806.53', '1842.17', '1025.75', '0.00', '1534.90', '2256.54', '1803.51', NULL, '14117.53'),
('00143103', NULL, NULL, '1593.30', '370.82', '1681.45', '7544.87', '1860.15', '1400.95', '4707.30', '6486.70', '592.10', NULL, '26237.64'),
('00144975', NULL, NULL, '1028.56', '1252.83', '3138.84', '4215.25', '2557.66', '1165.27', '311.44', '135.06', '353.04', NULL, '14157.95'),
('00147850', NULL, NULL, '2689.92', '1478.37', '2475.43', '2575.03', '1147.89', '1762.89', '734.13', '321.88', '558.49', NULL, '13744.03'),
('00149314', NULL, NULL, '1624.95', '1589.57', '3539.53', '1553.36', '1936.39', '514.68', '1528.29', '2600.76', '2048.13', NULL, '16935.66'),
('00150274', NULL, NULL, '0.00', '281.12', '0.00', '219.15', '0.00', '378.76', '163.61', '483.48', '1609.47', NULL, '3135.59'),
('00152579', NULL, NULL, '0.00', '0.00', '0.00', '0.00', '0.00', '0.00', '0.00', '0.00', '0.00', NULL, NULL),
('00153311', NULL, NULL, '1249.96', '2545.21', '2747.03', '225.23', '1055.19', '2295.88', '2064.50', '1689.56', '2257.69', NULL, '16130.25'),
('00153354', NULL, NULL, '2947.16', '3972.18', '18102.05', '5290.15', '5229.42', '3677.40', '1700.45', '1794.70', '9265.81', NULL, '51979.32'),
('00154385', NULL, NULL, '2520.04', '2233.03', '3212.75', '1070.90', '2438.89', '1485.12', '559.03', '529.84', '990.38', NULL, '15039.98'),
('00155446', NULL, NULL, '72.67', '315.08', '683.87', '1365.99', '1426.03', '433.79', '939.36', '303.30', '642.62', NULL, '6182.71'),
('00157333', NULL, NULL, '2197.88', '495.41', '831.12', '1123.87', '20327.79', '4416.88', '773.48', '2101.96', '775.67', NULL, '33044.06'),
('00161535', NULL, NULL, '718.41', '888.03', '1774.29', '2385.72', '1391.57', '624.26', '1092.81', '1692.63', '1220.16', NULL, '11787.88'),
('00162442', NULL, NULL, '0.00', '44.10', '5788.37', '4585.05', '6.24', '730.24', '320.01', '165.19', '378.21', NULL, '12017.41'),
('00162647', NULL, NULL, '3166.99', '2991.76', '3440.76', '1222.96', '1809.90', '6750.38', '1021.30', '3388.81', '3649.71', NULL, '27442.57'),
('00162671', NULL, NULL, '2495.51', '1574.21', '2426.75', '494.12', '167.95', '210.00', '0.00', '0.00', '397.10', NULL, '7765.64'),
('00166693', NULL, NULL, '1137.56', '298.08', '687.82', '640.36', '318.00', '978.53', '99.06', '166.60', '63.74', NULL, '4389.75'),
('00168858', NULL, NULL, '965.95', '466.86', '156.30', '334.50', '266.10', '143.29', '1238.98', '2256.77', '1062.57', NULL, '6891.32'),
('00170321', NULL, NULL, '406.41', '1425.16', '591.45', '1579.07', '2585.02', '1910.33', '1094.99', '1789.06', '459.74', NULL, '11841.23'),
('00174432', NULL, NULL, '9448.70', '7020.32', '6876.58', '14230.75', '13642.22', '8476.44', '5853.91', '3631.65', '2513.85', NULL, '71694.42'),
('00174653', NULL, NULL, '0.00', '-16.98', '0.00', '0.00', '0.00', '0.00', '0.00', '0.00', '0.00', NULL, '-16.98'),
('00175102', NULL, NULL, '2979.68', '2363.99', '3193.66', '3745.44', '2657.10', '3268.40', '6276.26', '5096.65', '19788.25', NULL, '49369.43'),
('00176206', NULL, NULL, '0.00', '0.00', '0.00', '838.80', '0.00', '0.00', '0.00', '0.00', '0.00', NULL, '838.80'),
('00176850', NULL, NULL, '1486.45', '5064.62', '-351.27', '469.62', '0.00', '636.62', '460.20', '44.02', '1298.06', NULL, '9108.32'),
('00180106', NULL, NULL, '1145.07', '2455.89', '6926.12', '831.82', '10211.50', '1597.19', '6672.94', '9304.32', '1384.83', NULL, '40529.68'),
('00182168', NULL, NULL, '2.35', '973.14', '651.14', '357.45', '5539.26', '1889.56', '2232.15', '2439.85', '3549.48', NULL, '17634.38'),
('0018392', NULL, NULL, NULL, NULL, '0.00', '0.00', NULL, NULL, NULL, NULL, NULL, NULL, NULL),
('0018392X', NULL, NULL, '0.00', '380.83', '0.00', '0.00', '0.00', '0.00', '0.00', '0.00', '0.00', NULL, '380.83'),
('00325147', NULL, NULL, '-48.71', '-51.84', '24.11', '0.00', '1847.78', '2347.18', '2773.86', '7520.10', '2830.78', NULL, '17243.26'),
('0186471224', NULL, NULL, '1981.50', '2253.71', '1948.03', '3634.94', '3081.89', '2494.09', '3671.02', '2359.97', '2224.44', NULL, '23649.59'),
('0186471259', NULL, NULL, '1272.98', '735.43', '266.39', '3671.18', '380.14', '3335.80', '2422.92', '8247.30', '340.29', NULL, '20672.43'),
('0186471285', NULL, NULL, '2447.00', '1958.95', '0.00', '749.72', '418.05', '0.00', '30.57', '115.62', '79.51', NULL, '5799.42'),
('0186471375', NULL, NULL, '0.00', '2248.45', '728.01', '244.46', '950.92', '0.00', '76.15', '258.01', '117.87', NULL, '4623.87'),
('0186471415', NULL, NULL, '2284.80', '2584.56', '949.37', '945.63', '5105.46', '2644.74', '71.26', '1121.86', '280.22', NULL, '15987.90'),
('0186471610', NULL, NULL, '4761.46', '4889.07', '3345.59', '4565.27', '5123.69', '3150.81', '1323.14', '2634.24', '2421.56', NULL, '32214.83'),
('0186471694', NULL, NULL, '0.00', '0.00', '0.00', '0.00', '0.00', '0.00', '994.50', '0.00', '0.00', NULL, '994.50'),
('0186471788', NULL, NULL, '3729.28', '3988.72', '3625.30', '5202.98', '487.47', '3439.32', '4076.83', '937.71', '2126.21', NULL, '27613.82'),
('0186471867', NULL, NULL, '294.57', '139.75', '622.40', '1659.71', '0.00', '300.87', '0.00', '0.00', '0.00', NULL, '3017.30'),
('0186471949', NULL, NULL, '20.85', '0.00', '116.00', '0.00', '855.63', '0.00', '-855.63', '616.72', '1122.57', NULL, '1876.14'),
('0186471964', NULL, NULL, '265.70', '0.00', '0.00', '0.00', '0.00', '1389.58', '0.00', '0.00', '0.00', NULL, '1655.28'),
('0186472015', NULL, NULL, '100.61', '0.00', '198.18', '125.48', '200.43', '0.00', '0.00', '0.00', '0.00', NULL, '624.70'),
('0186472049', NULL, NULL, '714.41', '0.00', '461.25', '376.99', '0.00', '0.00', '734.16', '0.00', '-274.36', NULL, '2012.45'),
('0186472106', NULL, NULL, '3647.39', '981.16', '1956.79', '1157.00', '1903.61', '429.10', '3485.44', '4087.70', '1801.91', NULL, '19450.10'),
('0186472170', NULL, NULL, '0.00', '0.00', '0.00', '0.00', '0.00', '0.00', '0.00', '0.00', '0.00', NULL, NULL),
('0186472194', NULL, NULL, '0.00', '691.58', '622.73', '-95.62', '0.00', '0.00', '0.00', '0.00', '200.31', NULL, '1419.00'),
('0186472273 ', NULL, NULL, '7962.26', '7789.12', '6150.21', '3047.06', '5143.54', '4881.79', '9582.48', '5316.30', '7598.30', NULL, '57471.06'),
('0186472350', NULL, NULL, '855.08', '523.22', '-69.51', '-27.20', '351.31', '0.00', '1508.37', '878.87', '68.61', NULL, '4088.75'),
('0186472404', NULL, NULL, '854.08', '596.40', '13.25', '523.29', '1095.71', '603.48', '5116.92', '620.94', '1400.61', NULL, '10824.68'),
('0186472435', NULL, NULL, '4925.67', '1896.78', '3112.28', '8534.67', '1615.21', '57.09', '559.36', '30.08', '10.60', NULL, '20741.74'),
('0186472464', NULL, NULL, '921.90', '3255.86', '603.59', '701.81', '1921.16', '1636.44', '2504.69', '1444.45', '2652.92', NULL, '15642.82'),
('0186472500', NULL, NULL, '4049.57', '2960.85', '2961.46', '890.00', '1169.93', '9148.88', '1043.28', '5287.13', '3686.06', NULL, '31197.16'),
('0186472514', NULL, NULL, '0.00', '0.00', '0.00', '1286.95', '750.92', '0.00', '801.56', '1933.22', '464.58', NULL, '5237.23'),
('0186472541', NULL, NULL, '3326.14', '153.65', '5023.19', '1813.80', '1654.57', '3439.99', '1723.45', '2745.37', '2464.73', NULL, '22344.89'),
('0186472691', NULL, NULL, '0.00', '0.00', '0.00', '0.00', '0.00', '0.00', '0.00', '0.00', '0.00', NULL, NULL),
('0186472697', NULL, NULL, '0.00', '0.00', '0.00', '-38.51', '0.00', '2850.56', '0.00', '0.00', '0.00', NULL, '2812.05'),
('0186472703', NULL, NULL, '2658.65', '3066.40', '6065.49', '5846.15', '7750.43', '5342.08', '1908.74', '3133.23', '2583.41', NULL, '38354.58'),
('0186472735', NULL, NULL, '426.47', '1402.64', '8916.55', '4631.14', '5709.16', '13768.96', '7535.63', '3226.05', '2111.82', NULL, '47728.42'),
('0186472865', NULL, NULL, '0.00', '0.00', '274.76', '5073.72', '2967.45', '2838.00', '776.03', '3223.85', '1849.12', NULL, '17002.93'),
('0186472952', NULL, NULL, '0.00', '0.00', '0.00', '0.00', '0.00', '0.00', '0.00', '0.00', '0.00', NULL, NULL),
('0186473065', NULL, NULL, '193.73', '0.00', '0.00', '0.00', '0.00', '0.00', '0.00', '0.00', '0.00', NULL, '193.73'),
('0186473071', NULL, NULL, '1124.77', '219.07', '879.89', '803.68', '293.84', '-322.70', '0.00', '0.00', '188.70', NULL, '3187.25'),
('0186473072', NULL, NULL, '498.52', '458.89', '465.06', '174.37', '642.54', '188.86', '658.33', '811.47', '317.06', NULL, '4215.10'),
('0186473112', NULL, NULL, '255.00', '217.50', '291.59', '1559.91', '7290.76', '10.32', '8332.30', '9852.80', '2779.16', NULL, '30589.34'),
('0186473146', NULL, NULL, '424.97', '1378.73', '2633.92', '1807.66', '484.85', '350.69', '0.00', '0.00', '676.40', NULL, '7757.22'),
('0186473162', NULL, NULL, '17.69', '100.72', '110.77', '1023.58', '-63.59', '651.24', '744.39', '97.64', '19.68', NULL, '2702.12'),
('0186473190', NULL, NULL, '3864.95', '10033.31', '9541.93', '10174.25', '10022.72', '11574.66', '6156.55', '14160.30', '11954.90', NULL, '87483.57'),
('0186473213', NULL, NULL, '0.00', '0.00', '0.00', '0.00', '0.00', '0.00', '0.00', '0.00', '0.00', NULL, NULL),
('0186473231', NULL, NULL, '0.00', '0.00', '184.21', '608.48', '0.00', '0.00', '0.00', '0.00', '0.00', NULL, '792.69'),
('0186473253', NULL, NULL, '1906.56', '305.00', '3298.04', '237.96', '800.21', '574.00', '107.00', '495.42', '1505.32', NULL, '9229.51'),
('0186473279', NULL, NULL, '2401.27', '593.45', '1590.44', '1085.52', '1802.69', '2158.66', '1315.28', '2232.08', '1045.40', NULL, '14224.79'),
('0186473291', NULL, NULL, '299.33', '2478.07', '3511.18', '1960.03', '5043.08', '3465.62', '2364.52', '11706.55', '24086.05', NULL, '54914.43'),
('0186473337', NULL, NULL, '474.37', '10286.37', '11016.63', '5482.13', '1217.65', '4409.67', '20359.34', '22239.42', '25923.37', NULL, '101408.95'),
('0186473404', NULL, NULL, '0.00', '0.00', '0.00', '160.00', '0.00', '0.00', '2048.94', '-12.00', '-137.25', NULL, '2059.69'),
('1000001185', NULL, NULL, '1216.91', '1232.15', '1854.58', '1452.64', '4476.46', '1798.98', '796.25', '1054.97', '1720.30', NULL, '15603.24'),
('1000001398', NULL, NULL, '945.66', '540.27', '180.00', '8652.19', '3191.78', '4146.33', '824.95', '495.00', '540.88', NULL, '19517.06'),
('100323', NULL, NULL, NULL, '0.00', NULL, NULL, NULL, NULL, NULL, NULL, NULL, NULL, NULL),
('101559', NULL, NULL, NULL, '0.00', NULL, NULL, NULL, NULL, NULL, NULL, NULL, NULL, NULL),
('101826', NULL, NULL, NULL, '0.00', NULL, NULL, NULL, NULL, NULL, NULL, NULL, NULL, NULL),
('106704', NULL, NULL, NULL, '0.00', NULL, NULL, NULL, NULL, NULL, NULL, NULL, NULL, NULL),
('117781', NULL, NULL, NULL, '0.00', NULL, NULL, NULL, NULL, NULL, NULL, NULL, NULL, NULL),
('118419', NULL, NULL, NULL, '0.00', NULL, NULL, NULL, NULL, NULL, NULL, NULL, NULL, NULL),
('123633', NULL, NULL, NULL, '0.00', NULL, NULL, NULL, NULL, NULL, NULL, NULL, NULL, NULL),
('126063', NULL, NULL, NULL, '0.00', NULL, NULL, NULL, NULL, NULL, NULL, NULL, NULL, NULL),
('126950', NULL, NULL, NULL, '0.00', NULL, NULL, NULL, NULL, NULL, NULL, NULL, NULL, NULL),
('127264', NULL, NULL, NULL, '0.00', NULL, NULL, NULL, NULL, NULL, NULL, NULL, NULL, NULL),
('127825', NULL, NULL, NULL, '0.00', NULL, NULL, NULL, NULL, NULL, NULL, NULL, NULL, NULL),
('132446', NULL, NULL, NULL, '0.00', NULL, NULL, NULL, NULL, NULL, NULL, NULL, NULL, NULL),
('137618', NULL, NULL, NULL, '0.00', NULL, NULL, NULL, NULL, NULL, NULL, NULL, NULL, NULL),
('14052', NULL, NULL, NULL, '0.00', NULL, NULL, NULL, NULL, NULL, NULL, NULL, NULL, NULL),
('14230', NULL, NULL, NULL, '0.00', NULL, NULL, NULL, NULL, NULL, NULL, NULL, NULL, NULL),
('143103', NULL, NULL, NULL, '0.00', NULL, NULL, NULL, NULL, NULL, NULL, NULL, NULL, NULL),
('144975', NULL, NULL, NULL, '0.00', NULL, NULL, NULL, NULL, NULL, NULL, NULL, NULL, NULL),
('147850', NULL, NULL, NULL, '0.00', NULL, NULL, NULL, NULL, NULL, NULL, NULL, NULL, NULL),
('150274', NULL, NULL, NULL, '0.00', NULL, NULL, NULL, NULL, NULL, NULL, NULL, NULL, NULL),
('152579', NULL, NULL, NULL, '0.00', NULL, NULL, NULL, NULL, NULL, NULL, NULL, NULL, NULL),
('153311', NULL, NULL, NULL, '0.00', NULL, NULL, NULL, NULL, NULL, NULL, NULL, NULL, NULL),
('153354', NULL, NULL, NULL, '0.00', NULL, NULL, NULL, NULL, NULL, NULL, NULL, NULL, NULL),
('154385', NULL, NULL, NULL, '0.00', NULL, NULL, NULL, NULL, NULL, NULL, NULL, NULL, NULL),
('155446', NULL, NULL, NULL, '0.00', NULL, NULL, NULL, NULL, NULL, NULL, NULL, NULL, NULL),
('157333', NULL, NULL, NULL, '0.00', NULL, NULL, NULL, NULL, NULL, NULL, NULL, NULL, NULL),
('161535', NULL, NULL, NULL, '0.00', NULL, NULL, NULL, NULL, NULL, NULL, NULL, NULL, NULL),
('162647', NULL, NULL, NULL, '0.00', NULL, NULL, NULL, NULL, NULL, NULL, NULL, NULL, NULL),
('162671', NULL, NULL, NULL, '0.00', NULL, NULL, NULL, NULL, NULL, NULL, NULL, NULL, NULL),
('166693', NULL, NULL, NULL, '0.00', NULL, NULL, NULL, NULL, NULL, NULL, NULL, NULL, NULL),
('168858', NULL, NULL, NULL, '0.00', NULL, NULL, NULL, NULL, NULL, NULL, NULL, NULL, NULL),
('170321', NULL, NULL, NULL, '0.00', NULL, NULL, NULL, NULL, NULL, NULL, NULL, NULL, NULL),
('174432', NULL, NULL, NULL, '0.00', NULL, NULL, NULL, NULL, NULL, NULL, NULL, NULL, NULL),
('174653', NULL, NULL, NULL, '0.00', NULL, NULL, NULL, NULL, NULL, NULL, NULL, NULL, NULL),
('175102', NULL, NULL, NULL, '0.00', NULL, NULL, NULL, NULL, NULL, NULL, NULL, NULL, NULL),
('176206', NULL, NULL, NULL, '0.00', NULL, NULL, NULL, NULL, NULL, NULL, NULL, NULL, NULL),
('180106', NULL, NULL, NULL, '0.00', NULL, NULL, NULL, NULL, NULL, NULL, NULL, NULL, NULL),
('182168', NULL, NULL, NULL, '0.00', NULL, NULL, NULL, NULL, NULL, NULL, NULL, NULL, NULL),
('186471224', NULL, NULL, NULL, '0.00', NULL, NULL, NULL, NULL, NULL, NULL, NULL, NULL, NULL),
('186471259', NULL, NULL, NULL, '0.00', NULL, NULL, NULL, NULL, NULL, NULL, NULL, NULL, NULL),
('186471285', NULL, NULL, NULL, '0.00', NULL, NULL, NULL, NULL, NULL, NULL, NULL, NULL, NULL),
('186471415', NULL, NULL, NULL, '0.00', NULL, NULL, NULL, NULL, NULL, NULL, NULL, NULL, NULL),
('186471610', NULL, NULL, NULL, '0.00', NULL, NULL, NULL, NULL, NULL, NULL, NULL, NULL, NULL),
('186471788', NULL, NULL, NULL, '0.00', NULL, NULL, NULL, NULL, NULL, NULL, NULL, NULL, NULL),
('186471867', NULL, NULL, NULL, '0.00', NULL, NULL, NULL, NULL, NULL, NULL, NULL, NULL, NULL),
('186471949', NULL, NULL, NULL, '0.00', NULL, NULL, NULL, NULL, NULL, NULL, NULL, NULL, NULL),
('186471964', NULL, NULL, NULL, '0.00', NULL, NULL, NULL, NULL, NULL, NULL, NULL, NULL, NULL),
('186472015', NULL, NULL, NULL, '0.00', NULL, NULL, NULL, NULL, NULL, NULL, NULL, NULL, NULL),
('186472049', NULL, NULL, NULL, '0.00', NULL, NULL, NULL, NULL, NULL, NULL, NULL, NULL, NULL),
('186472106', NULL, NULL, NULL, '0.00', NULL, NULL, NULL, NULL, NULL, NULL, NULL, NULL, NULL),
('186472170', NULL, NULL, NULL, '0.00', NULL, NULL, NULL, NULL, NULL, NULL, NULL, NULL, NULL),
('186472273', NULL, NULL, NULL, '0.00', NULL, NULL, NULL, NULL, NULL, NULL, NULL, NULL, NULL),
('186472350', NULL, NULL, NULL, '0.00', NULL, NULL, NULL, NULL, NULL, NULL, NULL, NULL, NULL),
('186472404', NULL, NULL, NULL, '0.00', NULL, NULL, NULL, NULL, NULL, NULL, NULL, NULL, NULL),
('186472435', NULL, NULL, NULL, '0.00', NULL, NULL, NULL, NULL, NULL, NULL, NULL, NULL, NULL),
('186472514', NULL, NULL, NULL, '0.00', NULL, NULL, NULL, NULL, NULL, NULL, NULL, NULL, NULL),
('186472691', NULL, NULL, NULL, '0.00', NULL, NULL, NULL, NULL, NULL, NULL, NULL, NULL, NULL),
('186472697', NULL, NULL, NULL, '0.00', NULL, NULL, NULL, NULL, NULL, NULL, NULL, NULL, NULL),
('186472703', NULL, NULL, NULL, '0.00', NULL, NULL, NULL, NULL, NULL, NULL, NULL, NULL, NULL),
('186472735', NULL, NULL, NULL, '0.00', NULL, NULL, NULL, NULL, NULL, NULL, NULL, NULL, NULL),
('186472865', NULL, NULL, NULL, '0.00', NULL, NULL, NULL, NULL, NULL, NULL, NULL, NULL, NULL),
('186472952', NULL, NULL, NULL, '0.00', NULL, NULL, NULL, NULL, NULL, NULL, NULL, NULL, NULL),
('186473071', NULL, NULL, NULL, '0.00', NULL, NULL, NULL, NULL, NULL, NULL, NULL, NULL, NULL),
('186473072', NULL, NULL, NULL, '0.00', NULL, NULL, NULL, NULL, NULL, NULL, NULL, NULL, NULL),
('186473112', NULL, NULL, NULL, '0.00', NULL, NULL, NULL, NULL, NULL, NULL, NULL, NULL, NULL),
('186473146', NULL, NULL, NULL, '0.00', NULL, NULL, NULL, NULL, NULL, NULL, NULL, NULL, NULL),
('186473162', NULL, NULL, NULL, '0.00', NULL, NULL, NULL, NULL, NULL, NULL, NULL, NULL, NULL),
('186473190', NULL, NULL, NULL, '0.00', NULL, NULL, NULL, NULL, NULL, NULL, NULL, NULL, NULL),
('186473253', NULL, NULL, NULL, '0.00', NULL, NULL, NULL, NULL, NULL, NULL, NULL, NULL, NULL),
('186473279', NULL, NULL, NULL, '0.00', NULL, NULL, NULL, NULL, NULL, NULL, NULL, NULL, NULL),
('186473291', NULL, NULL, NULL, '0.00', NULL, NULL, NULL, NULL, NULL, NULL, NULL, NULL, NULL),
('186473404', NULL, NULL, NULL, '0.00', NULL, NULL, NULL, NULL, NULL, NULL, NULL, NULL, NULL),
('24678', NULL, NULL, NULL, '0.00', NULL, NULL, NULL, NULL, NULL, NULL, NULL, NULL, NULL),
('25925', NULL, NULL, NULL, '0.00', NULL, NULL, NULL, NULL, NULL, NULL, NULL, NULL, NULL),
('26182', NULL, NULL, NULL, '0.00', NULL, NULL, NULL, NULL, NULL, NULL, NULL, NULL, NULL),
('29114', NULL, NULL, NULL, '0.00', NULL, NULL, NULL, NULL, NULL, NULL, NULL, NULL, NULL),
('3', NULL, NULL, '804.00', '514.00', '181.00', '6.10', '852.71', '2132.99', '7406.03', '10000.00', NULL, NULL, '21092.83'),
('325147', NULL, NULL, NULL, '0.00', NULL, NULL, NULL, NULL, NULL, NULL, NULL, NULL, NULL),
('35742', NULL, NULL, NULL, '0.00', NULL, NULL, NULL, NULL, NULL, NULL, NULL, NULL, NULL),
('38512', NULL, NULL, NULL, '0.00', NULL, NULL, NULL, NULL, NULL, NULL, NULL, NULL, NULL),
('39640', NULL, NULL, NULL, '0.00', NULL, NULL, NULL, NULL, NULL, NULL, NULL, NULL, NULL),
('42986', NULL, NULL, NULL, '0.00', NULL, NULL, NULL, NULL, NULL, NULL, NULL, NULL, NULL),
('43060', NULL, NULL, NULL, '0.00', NULL, NULL, NULL, NULL, NULL, NULL, NULL, NULL, NULL),
('55042', NULL, NULL, NULL, '0.00', NULL, NULL, NULL, NULL, NULL, NULL, NULL, NULL, NULL),
('58637', NULL, NULL, NULL, '0.00', NULL, NULL, NULL, NULL, NULL, NULL, NULL, NULL, NULL),
('58807', NULL, NULL, NULL, '0.00', NULL, NULL, NULL, NULL, NULL, NULL, NULL, NULL, NULL),
('61158', NULL, NULL, NULL, '0.00', NULL, NULL, NULL, NULL, NULL, NULL, NULL, NULL, NULL),
('63339', NULL, NULL, NULL, '0.00', NULL, NULL, NULL, NULL, NULL, NULL, NULL, NULL, NULL),
('67121', NULL, NULL, NULL, '0.00', NULL, NULL, NULL, NULL, NULL, NULL, NULL, NULL, NULL),
('72731', NULL, NULL, NULL, '0.00', NULL, NULL, NULL, NULL, NULL, NULL, NULL, NULL, NULL),
('76252', NULL, NULL, NULL, '0.00', NULL, NULL, NULL, NULL, NULL, NULL, NULL, NULL, NULL),
('77844', NULL, NULL, NULL, '0.00', NULL, NULL, NULL, NULL, NULL, NULL, NULL, NULL, NULL),
('79766', NULL, NULL, NULL, '0.00', NULL, NULL, NULL, NULL, NULL, NULL, NULL, NULL, NULL),
('80705', NULL, NULL, NULL, '0.00', NULL, NULL, NULL, NULL, NULL, NULL, NULL, NULL, NULL),
('82783', NULL, NULL, NULL, '0.00', NULL, NULL, NULL, NULL, NULL, NULL, NULL, NULL, NULL),
('85421', NULL, NULL, NULL, '0.00', NULL, NULL, NULL, NULL, NULL, NULL, NULL, NULL, NULL),
('91057', NULL, NULL, NULL, '0.00', NULL, NULL, NULL, NULL, NULL, NULL, NULL, NULL, NULL),
('91391', NULL, NULL, NULL, '0.00', NULL, NULL, NULL, NULL, NULL, NULL, NULL, NULL, NULL),
('95265', NULL, NULL, NULL, '0.00', NULL, NULL, NULL, NULL, NULL, NULL, NULL, NULL, NULL),
('B000238', NULL, NULL, '111.91', '0.00', '0.00', '0.00', '3049.64', '2791.53', '3537.60', '2450.02', '12721.71', NULL, '24662.41');

-- --------------------------------------------------------

--
-- Table structure for table `limits2015`
--

CREATE TABLE `limits2015` (
  `accNo` varchar(50) CHARACTER SET utf8mb4 COLLATE utf8mb4_unicode_ci NOT NULL,
  `t1limit` varchar(40) NOT NULL,
  `t2limit` varchar(40) DEFAULT NULL,
  `t3limit` varchar(40) DEFAULT NULL,
  `t4limit` varchar(40) DEFAULT NULL,
  `t5limit` varchar(40) DEFAULT NULL
) ENGINE=MyISAM DEFAULT CHARSET=latin1;

--
-- Dumping data for table `limits2015`
--

INSERT INTO `limits2015` (`accNo`, `t1limit`, `t2limit`, `t3limit`, `t4limit`, `t5limit`) VALUES
('3', '10000', '20000', '', '', ''),
('00132446', '18500', '37000', NULL, NULL, NULL),
('00137618', '18500', '37000', NULL, NULL, NULL),
('00126950', '18500', '37000', NULL, NULL, NULL),
('00066346', '18500', '37000', NULL, NULL, NULL),
('186472464', '30000', '45000', NULL, NULL, NULL),
('00101559', '18500', '37000', NULL, NULL, NULL),
('0186472703', '18500', '37000', NULL, NULL, NULL),
('00170321', '18500', '37000', NULL, NULL, NULL),
('00182168', '18500', '37000', NULL, NULL, NULL),
('00058548', '18500', '37000', NULL, NULL, NULL),
('0186471375', '18500', '37000', NULL, NULL, NULL),
('00162442', '18500', '37000', NULL, NULL, NULL),
('00091057', '18500', '37000', NULL, NULL, NULL),
('00014230', '-', '40000', NULL, NULL, NULL),
('00025925', '18500', '37000', NULL, NULL, NULL),
('0186472865', '-', '63000', NULL, NULL, NULL),
('00058637', '-', '63000', NULL, NULL, NULL),
('00058807', '-', '63000', NULL, NULL, NULL),
('00093653', '-', '60000', NULL, NULL, NULL),
('0186471610', '30000', '48000', NULL, NULL, NULL),
('0186472273', '30000', '63000', NULL, NULL, NULL),
('0186473337', '25000', '50000', NULL, NULL, NULL),
('0186473231', '18500', '37000', NULL, NULL, NULL),
('0186472500', '18500', '37000', NULL, NULL, NULL),
('00055042', '18500', '37000', NULL, NULL, NULL),
('00080705', '18500', '37000', NULL, NULL, NULL),
('00174432', '48000', '72000', NULL, NULL, NULL),
('00117781', '18500', '37000', NULL, NULL, NULL),
('00063339', '18500', '37000', NULL, NULL, NULL),
('00076252', '18500', '37000', NULL, NULL, NULL),
('0186473065', '18500', '37000', NULL, NULL, NULL),
('00043060', '18500', '37000', NULL, NULL, NULL),
('00174653', '18500', '37000', NULL, NULL, NULL),
('00162671', '18500', '37000', NULL, NULL, NULL),
('00155446', '18500', '37000', NULL, NULL, NULL),
('00180106', '', '45000', NULL, NULL, NULL),
('00078166', '30000', '40000', NULL, NULL, NULL),
('00144975', '18500', '37000', NULL, NULL, NULL),
('0186472735', '18500', '37000', NULL, NULL, NULL),
('00072731', '18500', '37000', NULL, NULL, NULL),
('00039640', '24000', '37000', NULL, NULL, NULL),
('00100323', '18500', '37000', NULL, NULL, NULL),
('00161535', '18500', '37000', NULL, NULL, NULL),
('0186471259', '18500', '37000', NULL, NULL, NULL),
('0186472541', '18500', '37000', NULL, NULL, NULL),
('0186471285', '18500', '37000', NULL, NULL, NULL),
('00082783', '18500', '37000', NULL, NULL, NULL),
('00157333', '18500', '37000', NULL, NULL, NULL),
('00154385', '30000', '40000', NULL, NULL, NULL),
('00175102', '25000', '37000', NULL, NULL, NULL),
('0186473112', '', '37000', NULL, NULL, NULL),
('00153354', '25000', '37000', NULL, NULL, NULL),
('00095265', '18500', '37000', NULL, NULL, NULL),
('00040789', '18500', '37000', NULL, NULL, NULL),
('0186471415', '18500', '37000', NULL, NULL, NULL),
('0186472514', '18500', '37000', NULL, NULL, NULL),
('0186472350', '18500', '37000', NULL, NULL, NULL),
('00325147', '18500', '37000', NULL, NULL, NULL),
('00176206', '18500', '37000', NULL, NULL, NULL),
('0186472170', '18500', '37000', NULL, NULL, NULL),
('00153311', '22500', '37000', NULL, NULL, NULL),
('00123633', '22500', '37000', NULL, NULL, NULL),
('0013676X', '18500', '37000', NULL, NULL, NULL),
('00125997', '', '37000', NULL, NULL, NULL),
('00067121', '18500', '37000', NULL, NULL, NULL),
('00143103', '18500', '37000', NULL, NULL, NULL),
('0186472015', '18500', '37000', NULL, NULL, NULL),
('0186472435', '25000', '40000', NULL, NULL, NULL),
('0186473279', '18500', '37000', NULL, NULL, NULL),
('0186473291', '18500', '37000', NULL, NULL, NULL),
('', '18500', '37000', NULL, NULL, NULL),
('00162647', '18500', '37000', NULL, NULL, NULL),
('0186471224', '', '45000', NULL, NULL, NULL),
('00077844', '18500', '37000', NULL, NULL, NULL),
('00042986', '18500', '37000', NULL, NULL, NULL),
('00079766', '18500', '37000', NULL, NULL, NULL),
('0186473072', '18500', '37000', NULL, NULL, NULL),
('00061158', '', '37000', NULL, NULL, NULL),
('00035742', '18500', '37000', NULL, NULL, NULL),
('00106704', '18500', '37000', NULL, NULL, NULL),
('0186471694', '18500', '37000', NULL, NULL, NULL),
('00026182', '18500', '37000', NULL, NULL, NULL),
('00091391', '18500', '37000', NULL, NULL, NULL),
('00126063', '18500', '37000', NULL, NULL, NULL),
('00166693', '18500', '37000', NULL, NULL, NULL),
('000127264', '18500', '37000', NULL, NULL, NULL),
('1000001398', '18000', '36000', NULL, NULL, NULL),
('0186471964', '18000', '36000', NULL, NULL, NULL),
('1000001185', '18000', '36000', NULL, NULL, NULL),
('0186473190', '50000', '75000', NULL, NULL, NULL),
('00118419', '90000', '110000', NULL, NULL, NULL),
('00024678', '', '195000', NULL, NULL, NULL),
('0186473213', '18500', '37000', NULL, NULL, NULL),
('0186472049', '18500', '37000', NULL, NULL, NULL),
('0186472697', '18500', '37000', NULL, NULL, NULL),
('0186473253', '18500', '37000', NULL, NULL, NULL),
('00058130', '18500', '37000', NULL, NULL, NULL),
('0186472404', '18500', '37000', NULL, NULL, NULL),
('0010678X', '18500', '37000', NULL, NULL, NULL),
('00038350', '18500', '37000', NULL, NULL, NULL),
('00152579', '18500', '37000', NULL, NULL, NULL),
('0186472952', '18500', '37000', NULL, NULL, NULL),
('0186472691', '18500', '37000', NULL, NULL, NULL),
('0186471949', '18500', '37000', NULL, NULL, NULL),
('00149314', '22500', '50000', NULL, NULL, NULL),
('0186472194', '18500', '37000', NULL, NULL, NULL),
('0186473071', '18500', '37000', NULL, NULL, NULL),
('0186472106', '22500', '37000', NULL, NULL, NULL),
('00029114', '18500', '37000', NULL, NULL, NULL),
('00150274', '18500', '37000', NULL, NULL, NULL),
('00101826', '30000', '40000', NULL, NULL, NULL),
('00085421', '18500', '37000', NULL, NULL, NULL),
('0018392X', '18500', '37000', NULL, NULL, NULL),
('00168858', '18500', '37000', NULL, NULL, NULL),
('0186473162', '30000', '50000', NULL, NULL, NULL),
('00012106', '30000', '50000', NULL, NULL, NULL),
('0186471788', '18500', '37000', NULL, NULL, NULL),
('00127825', '25000', '50000', NULL, NULL, NULL),
('0186473146', '18500', '37000', NULL, NULL, NULL),
('00038512', '25000', '50000', NULL, NULL, NULL),
('00147850', '', '37000', NULL, NULL, NULL),
('00142557', '20000', '37000', NULL, NULL, NULL),
('00014052', '', '45000', NULL, NULL, NULL),
('0186473404', '18500', '37000', NULL, NULL, NULL),
('00176850', '17500', '37000', NULL, NULL, NULL),
('0186471867', '18500', '37000', NULL, NULL, NULL),
('00103667', '18500', '37000', NULL, NULL, NULL),
('B000238', '18500', '37000', NULL, NULL, NULL),
('0186472464', '30000', '45000', NULL, NULL, NULL);

-- --------------------------------------------------------

--
-- Table structure for table `promoCodes`
--

CREATE TABLE `promoCodes` (
  `id` int(11) NOT NULL,
  `name` varchar(255) NOT NULL,
  `code` varchar(10) NOT NULL,
  `file` varchar(255) NOT NULL
) ENGINE=MyISAM DEFAULT CHARSET=latin1;

-- --------------------------------------------------------

--
-- Table structure for table `promotions2015`
--

CREATE TABLE `promotions2015` (
  `id` int(11) NOT NULL,
  `title` varchar(255) NOT NULL,
  `thumb` varchar(255) DEFAULT NULL,
  `image1` varchar(255) NOT NULL,
  `image2` varchar(255) DEFAULT NULL,
  `image3` varchar(255) DEFAULT NULL,
  `image4` varchar(255) DEFAULT NULL,
  `image5` varchar(255) DEFAULT NULL,
  `image6` varchar(255) DEFAULT NULL,
  `desc` text CHARACTER SET latin1 COLLATE latin1_general_ci NOT NULL,
  `region` int(2) NOT NULL DEFAULT '1',
  `tier` int(2) NOT NULL DEFAULT '1'
) ENGINE=MyISAM DEFAULT CHARSET=latin1;

--
-- Dumping data for table `promotions2015`
--

INSERT INTO `promotions2015` (`id`, `title`, `thumb`, `image1`, `image2`, `image3`, `image4`, `image5`, `image6`, `desc`, `region`, `tier`) VALUES
(21, 'HOSPITALITY DAY AT THE RACES FOR TWO PEOPLE', '/img/rewards/t1/races.jpg', '/img/rewards/t1/races.jpg', NULL, NULL, NULL, NULL, NULL, 'Enjoy a day at the races with superb hospitality for two people.\r\n\r\nTake in the beautiful settings, make the most of the fantastic facilities your chosen racecourse has to offer and see if you can back a winning horse!\r\n\r\nThe dates available depend on the choice of racecourse.\r\n\r\nLocations include: Cheltenham, Newbury, Ascot, Haydock, Chester, Aintree, York, Sandown', 1, 1),
(22, 'HOSPITALITY PACKAGE / VIP SEAT FOR TWO PEOPLE AT GENTING, BARCLAYCARD OR O2 ARENA', '/img/rewards/t1/hospitality.jpg', '/img/rewards/t1/hospitality.jpg', NULL, NULL, NULL, NULL, NULL, 'Enjoy superb hospitality/VIP seats for two people at one of these top arenas.\r\n\r\nChoose a music, sporting, comedy or family entertainment event at one of the very best venues in the UK.', 1, 1),
(23, 'DRIVING DAY EXPERIENCE FOR TWO PEOPLE', '/img/rewards/t1/driving.jpg', '/img/rewards/t1/driving.jpg', NULL, NULL, NULL, NULL, NULL, 'Satisfy your need for speed with a driving experience in your selection of four spectacular supercars! You will genuinely be thrilled as you glide around the track in these high-performance cars.\r\n\r\nThe package experience is for two people choosing from four cars including a Ferrari, Lamborghini, Nissan GTR, Aston Martin, Audi R8 and a Porsche.\r\n \r\nLocations:  Prestwold Driving Centre (Leicestershire), Elvington (Yorkshire), Dunsfold (Surrey), Sherburn in Elmet (Leeds), Stratford upon Avon (Warwickshire) and Lydden Hill (Kent)\r\n \r\nExperiences run from March to November and availability is dependent on the location selected.', 1, 1),
(24, 'SIX-WEEK \'LIFE CHANGING FITNESS\' PACKAGE WORTH OVER &pound;500', '/img/rewards/t1/fitness.jpg', '/img/rewards/t1/fitness.jpg', NULL, NULL, NULL, NULL, NULL, 'Whatever your health goals a completely bespoke training and nutrition programme will be tailored for you in consultation with an Elite Health and Fitness coach from ?LCF?; ?Life Changing Fitness? has a 100% success rate in achieving client objectives.\r\n\r\nDaniel Wheeler, Founder and Head Coach of Life Changing Fitness is one of the UKs leading Health and Fitness coaches who has coached everyone from top-performing athletes to those who would like to lose weight steadily and healthily.\r\n\r\nThis package also includes a free three-month membership to the 80/20 website, giving you a wealth of information on healthy eating, training and much more from many top coaches.', 1, 1),
(20, 'HOTEL DU VIN OVERNIGHT STAY FOR TWO PEOPLE', '/img/rewards/t1/hotel.jpeg', '/img/rewards/t1/hotel.jpeg', NULL, NULL, NULL, NULL, NULL, 'Enjoy an overnight stay for two people including breakfast and evening meal at your choice from the Hotel du Vin collection.\r\n\r\nLocations include: Bristol, Birmingham, Winchester, Poole, Cheltenham, Newcastle, Tunbridge Wells, Harrogate, York, Cambridge, Glasgow, Edinburgh', 1, 1),
(19, 'MORNING ON THE GALLOPS WITH CHAMPION HORSE RACING TRAINER FOR FOUR PEOPLE', '/img/rewards/t1/horses.jpg', '/img/rewards/t1/horses.jpg', NULL, NULL, NULL, NULL, NULL, 'Experience a morning inside the world of a professional horse trainer.\r\n\r\nEnjoy time on the gallops followed by breakfast and a visit to the yard with a champion horse racing trainer.', 1, 1),
(25, 'PROFESSIONAL MAKEOVER AND FAMILY PHOTOSHOOT FOR TWO ADULTS AND UP TO SIX CHILDREN IN LONDON', '/img/rewards/t1/makeover.jpg', '/img/rewards/t1/makeover.jpg', NULL, NULL, NULL, NULL, NULL, 'Established as one of the most contemporary and popular photo studios in London, this experience is your opportunity to capture those special years with this exclusive VIP Family photoshoot package.\r\n\r\nThis package offers refreshments, including complimentary champagne for the adults, followed by a full consultation with a stylist guru, professional makeover including nails, skin, make-up and hair styling.\r\n\r\nAlso included in this VIP package are two large photographs and an exclusive 10% discount on all further photographs you may wish to buy; a personal viewing session with the professionals will assist in the selection of the photographs you wish to purchase.\r\n\r\n\r\n<p style=\"font-size:8px;\">Image provided by <a href=\"http://www.vanitystudios.co.uk/family-photography\" target=\"_blank\">www.vanitystudios.co.uk/family-photography</a></p>', 1, 1),
(26, 'HARBOUR HOTEL OVERNIGHT STAY FOR TWO PEOPLE', '/img/rewards/t1/harbour.jpg', '/img/rewards/t1/harbour.jpg', NULL, NULL, NULL, NULL, NULL, 'Choose one from The Harbour Hotel portfolio of prestige hotels in various stunning locations and we will arrange an overnight stay for two people.\r\n\r\nDuring your stay you will indulge in the experience of an evening meal in one of the award-winning restaurant concepts specific to the hotel location of choice; breakfast is also included within the package.\r\n\r\nLocations include: Bristol, Christchurch, Guildford, Southampton.', 1, 1),
(27, 'VIP CAF&Eacute; DE PARIS DINING, SHOW AND CLUB EXPERIENCE FOR FOUR PEOPLE', '/img/rewards/t2/clubbing.jpg', '/img/rewards/t2/clubbing.jpg', NULL, NULL, NULL, NULL, NULL, 'Enjoy an exclusive and indulgent experience at the world-famous Cafe de Paris, London\'s most iconic and famous nightclub; Caf&eacute; de Paris is where London\'s elite gather to party the night away until the early hours!\r\nPlaying host to the very best performers of circus, burlesque, music, magic, cabaret and jazz acts, Cafe de Paris never fails to provide guests with a night to remember.\r\nThis experience will include a delicious three-course dinner at an exclusive VIP table in the titanic ballroom from where you and your three guests can watch the famous Seven Sins Show; all four in the party will then have VIP entry to the Cafe de Paris nightclub where you will be seated at the owner?s table and receive a complimentary bottle of Tattinger Champagne.', 1, 2),
(29, 'TRIP TO DUBLIN FOR 2 PEOPLE', '/img/rewards/t2/dublin.jpg', '/img/rewards/t2/dublin.jpg', NULL, NULL, NULL, NULL, NULL, 'Experience the beautiful city of Dublin with this trip to Ireland for two people.\r\nWe will arrange return flights from your chosen airport, overnight accommodation, an evening meal and breakfast all at a 4* Hotel in Dublin.', 1, 2),
(28, 'EXCLUSIVE PERSONAL SHOPPING EXPERIENCE AT TOMMY HILFIGER WITH &pound;1,000 SPENDING MONEY', '/img/rewards/t2/shopping.jpg', '/img/rewards/t2/shopping.jpg', NULL, NULL, NULL, NULL, NULL, 'Tommy Hilfiger is one of the world?s leading designer lifestyle brands and is internationally recognised for celebrating the essence of classic American cool style, featuring preppy with a twist designs.\r\nThis is a superb opportunity for you to visit Tommy Hilfiger\'s recently refurbished flagship store on Brompton Road, in London.\r\nUpon arrival you will be welcomed by the store\'s General Manager with a glass of champagne following which you will then be introduced to Tommy Hilfiger\'s finest personal shopper, they will give their professional opinion on what makes you look and feel your best and to top off your experience you have a &pound;1000 voucher to spend on Tommy Hilfiger\'s finest possessions.', 1, 2),
(31, 'FABULOUS DINNER PARTY FOR UP TO 10 PEOPLE IN YOUR OWN HOME', '/img/rewards/t2/dinner.jpg', '/img/rewards/t2/dinner.jpg', NULL, NULL, NULL, NULL, NULL, 'Host a spectacular dinner party and welcome an executive chef into your home along with all the equipment and ingredients needed to create a culinary feast for you and your guests.\r\nEnjoy a sumptuous eight-course fine dining tasting menu presented on stunning crockery and served to your table with an explanation of the delights you have in store; you can relax knowing that even the clearing up will be done for you!\r\nAvailability includes Sunday-Thursday evenings by appointment.', 1, 2),
(32, 'HARBOUR HOTEL OVERNIGHT STAY AND SPA TREATMENT', '/img/rewards/t1/harbour.jpg', '/img/rewards/t1/harbour.jpg', NULL, NULL, NULL, NULL, NULL, 'Choose one from The Harbour Hotel portfolio of prestige hotels in various stunning locations and we will arrange an overnight stay for two people.\r\nDuring your stay one of you will luxuriate with a Spa treatment (*availability permitting) and the experience of an evening meal in one of the award-winning restaurant concepts specific to the hotel location of choice; breakfast is also included within the package.\r\nLocations include: Bristol, Christchurch, Guildford, Southampton.', 1, 2),
(30, 'LONDON THEATRE WEEKEND FOR 2 PEOPLE', '/img/rewards/t2/theatre.jpg', '/img/rewards/t2/theatre.jpg', NULL, NULL, NULL, NULL, NULL, 'Have a fabulous weekend in London staying in a 4* hotel with evening meal and breakfast included.\r\nTo compliment your London visit we will arrange tickets for you to experience a West End show of your choosing, you will be selecting from a wide range of high profile shows through to the more niche theatres.', 1, 2),
(35, 'THREE NIGHT STAY IN THE STUNNING SCOTTISH HIGHTLANDS AT ACKERGILL TOWER FOR TWO PEOPLE', '/img/rewards/t2/scotland.jpg', '/img/rewards/t2/scotland.jpg', NULL, NULL, NULL, NULL, NULL, 'Standing proudly above the beach at the northernmost tip of Scotland, the award winning Ackergill Tower is one of the most atmospheric and iconic castles imaginable; steeped in over 500 years of fascinating history and shrouded in mystery and romance, this beautiful castle is an incomparably magical setting.\r\nYou and your guest will be staying in one of Ackergill Tower?s Executive rooms; these rooms are sophisticated and traditional, grand yet comfortable, with sumptuous furnishings and all modern luxuries to make you feel truly at home.\r\nDuring your stay you will receive a daily cooked breakfast, an evening meal on one night of your stay and an historical tour of Ackergill.', 1, 2),
(33, 'THEME PARK VIP FAMILY FUN TWO DAY TRIP', '/img/rewards/t2/theme.jpg', '/img/rewards/t2/theme.jpg', NULL, NULL, NULL, NULL, NULL, 'Enjoy some family time with a trip to either Thorpe Park or Alton Towers.\r\nThis experience includes a two-day pass into the theme park of choice and an overnight stay for a family of two adults and two children.\r\nLocations include Thorpe Park or Alton Towers.', 1, 2),
(34, 'OVERNIGHT STAY AT ONE OF BRITAIN\'S MOST ENCLUSIVE ISLANDS FOR 2 PEOPLE - NO MANS FORT', '/img/rewards/t2/fort.jpg', '/img/rewards/t2/fort.jpg', NULL, NULL, NULL, NULL, NULL, 'No Man\'s Fort is one of the most exclusive and unusual venues on the planet; this former protection fort is a quirky but truly luxurious cocoon of indulgence and is fitted with on-board features such as open-air hot tubs, wine cellar, sauna and more.\r\nThis VIP package for two people includes catamaran transfers to and from the private island (from Gunwharf Quays, Portsmouth) with a glass of bubbly on your arrival; you\'ll then have a guided tour of the fort followed by afternoon tea.\r\nSpend some time exploring on your own or relax in one of the many lounges before a sumptuous three-course gourmet dinner; then take the opportunity to wrap up in blankets, sipping a hot chocolate and toasting marshmallows over the rooftop fire pit, before retiring to your luxury room.\r\nYou may also enjoy an al fresco morning with the chance to fly kites, fish, or take in the scenery of the Isle of Wight, polished off by a delightful breakfast before your transfer back to Portsmouth.', 1, 2);

-- --------------------------------------------------------

--
-- Table structure for table `regions`
--

CREATE TABLE `regions` (
  `r_id` int(11) NOT NULL,
  `r_name` varchar(255) NOT NULL,
  `r_startDate` date NOT NULL,
  `r_endDate` date NOT NULL
) ENGINE=MyISAM DEFAULT CHARSET=latin1;

--
-- Dumping data for table `regions`
--

INSERT INTO `regions` (`r_id`, `r_name`, `r_startDate`, `r_endDate`) VALUES
(1, '', '0000-00-00', '0000-00-00');

-- --------------------------------------------------------

--
-- Table structure for table `userPermissions`
--

CREATE TABLE `userPermissions` (
  `id` int(11) UNSIGNED NOT NULL,
  `userId` int(11) DEFAULT NULL,
  `childUser` int(11) DEFAULT NULL
) ENGINE=InnoDB DEFAULT CHARSET=latin1;

--
-- Dumping data for table `userPermissions`
--

INSERT INTO `userPermissions` (`id`, `userId`, `childUser`) VALUES
(597, 2, 1),
(598, 1, 3),
(599, 1, 4),
(600, 1, 5),
(601, 1, 6),
(602, 1, 7),
(603, 1, 8),
(604, 1, 9),
(605, 1, 10),
(606, 1, 11),
(607, 1, 12),
(608, 1, 13),
(609, 1, 14),
(610, 1, 15),
(611, 1, 16),
(612, 1, 17),
(613, 1, 18),
(614, 1, 19),
(615, 1, 20),
(616, 1, 21),
(617, 1, 22),
(618, 1, 23),
(619, 1, 24),
(620, 1, 25),
(621, 1, 26),
(622, 1, 27),
(623, 1, 28),
(624, 1, 29),
(625, 1, 30),
(626, 1, 31),
(627, 1, 32),
(628, 1, 33),
(629, 1, 34),
(630, 1, 35),
(631, 1, 36),
(632, 1, 37),
(633, 1, 38),
(634, 1, 39),
(635, 1, 40),
(636, 1, 41),
(637, 1, 42),
(638, 1, 43),
(639, 1, 44),
(640, 1, 45),
(641, 1, 46),
(642, 1, 47),
(643, 1, 48),
(644, 1, 49),
(645, 1, 50),
(646, 1, 51),
(647, 1, 52),
(648, 1, 53),
(649, 1, 54),
(650, 1, 55),
(651, 1, 56),
(652, 1, 57),
(653, 1, 58),
(654, 1, 59),
(655, 1, 60),
(656, 1, 61),
(657, 1, 62),
(658, 1, 63),
(659, 1, 64),
(660, 1, 65),
(661, 1, 66),
(662, 1, 67),
(663, 1, 68),
(664, 1, 69),
(665, 1, 70),
(666, 1, 71),
(667, 1, 72),
(668, 1, 73),
(669, 1, 74),
(670, 1, 75),
(671, 1, 76),
(672, 1, 77),
(673, 1, 78),
(674, 1, 79),
(675, 1, 80),
(676, 1, 81),
(677, 1, 82),
(678, 1, 83),
(679, 1, 84),
(680, 1, 85),
(681, 1, 86),
(682, 1, 87),
(683, 1, 88),
(684, 1, 89),
(685, 1, 90),
(686, 1, 91),
(687, 1, 92),
(688, 1, 93),
(689, 1, 94),
(690, 1, 95),
(691, 1, 96),
(692, 1, 97),
(693, 1, 98),
(694, 1, 99),
(695, 1, 100),
(696, 1, 101),
(697, 1, 102),
(698, 1, 103),
(699, 1, 104),
(700, 1, 105),
(701, 1, 106),
(702, 1, 107),
(703, 1, 108),
(704, 1, 109),
(705, 1, 110),
(706, 1, 111),
(707, 1, 112),
(708, 1, 113),
(709, 1, 114),
(710, 1, 115),
(711, 1, 116),
(712, 1, 117),
(713, 1, 118),
(714, 1, 119),
(715, 1, 120),
(716, 1, 121),
(717, 1, 122),
(718, 1, 123),
(719, 1, 124),
(720, 1, 125),
(721, 1, 126),
(722, 1, 127),
(723, 1, 128),
(724, 1, 129),
(725, 1, 130);

-- --------------------------------------------------------

--
-- Table structure for table `userPromos`
--

CREATE TABLE `userPromos` (
  `accNo` varchar(50) NOT NULL,
  `year` int(4) NOT NULL,
  `tier` int(1) NOT NULL,
  `promo` int(3) DEFAULT NULL
) ENGINE=MyISAM DEFAULT CHARSET=latin1;

-- --------------------------------------------------------

--
-- Table structure for table `users`
--

CREATE TABLE `users` (
  `id` int(11) NOT NULL,
  `name` varchar(20) NOT NULL,
  `email` varchar(255) NOT NULL,
  `emailSecondary` varchar(255) DEFAULT NULL,
  `password` varchar(255) DEFAULT NULL,
  `salt` int(4) DEFAULT NULL,
  `company` varchar(255) NOT NULL,
  `address1` varchar(255) DEFAULT NULL,
  `address2` varchar(255) DEFAULT NULL,
  `address3` varchar(255) DEFAULT NULL,
  `address4` varchar(255) DEFAULT NULL,
  `postcode` varchar(10) NOT NULL,
  `region` int(11) NOT NULL DEFAULT '1',
  `phone` varchar(20) NOT NULL,
  `mobile` varchar(20) DEFAULT NULL,
  `accNo` varchar(45) NOT NULL,
  `related` varchar(45) DEFAULT NULL,
  `pwreset` varchar(40) DEFAULT NULL,
  `verified` int(1) NOT NULL DEFAULT '1',
  `access` int(11) NOT NULL DEFAULT '1',
  `promo` varchar(5) DEFAULT NULL,
  `date` timestamp NOT NULL DEFAULT CURRENT_TIMESTAMP ON UPDATE CURRENT_TIMESTAMP,
  `year` int(4) NOT NULL DEFAULT '2016',
  `live` int(1) NOT NULL DEFAULT '1',
  `startDate` date DEFAULT NULL,
  `endDate` date DEFAULT NULL
) ENGINE=MyISAM DEFAULT CHARSET=latin1;

--
-- Dumping data for table `users`
--

INSERT INTO `users` (`id`, `name`, `email`, `emailSecondary`, `password`, `salt`, `company`, `address1`, `address2`, `address3`, `address4`, `postcode`, `region`, `phone`, `mobile`, `accNo`, `related`, `pwreset`, `verified`, `access`, `promo`, `date`, `year`, `live`, `startDate`, `endDate`) VALUES
(2, 'Admin', 'dave@finderskeepersuk.com', NULL, '753ebfb06944b34cb0ff45a9f0dfa71bbd1108bd', 5698, 'Finders Keepers UK', '', '', '', '', '', 1, '0117 9514050', '', 'FK123', NULL, 'bc7e6aad17dba7f6eec03f28a4ffc228e28c5316', 1, 5, NULL, '2018-04-19 09:04:57', 2016, 1, '2018-03-01', '2018-11-30'),
(1, 'Paul Bence', 'paul.bence@bence.co.uk', NULL, '7bfd3dde42092f3611911920d75b51fd1a71c4da', 5698, 'George Bence Group ', '43 Fairview Road', 'Cheltenham', NULL, NULL, 'GL52 2EJ', 1, '01242 237241', '07770 446603', '1', NULL, NULL, 1, 4, NULL, '2018-04-19 09:04:57', 2016, 1, '2018-03-01', '2018-11-30'),
(3, 'Test Customer', 'dawn@montgomerieltd.co.uk', NULL, 'b7d76f8aac972b5956ce97f8a75cf281ca439442', 5698, 'Example', 'Example', 'Example', NULL, NULL, 'EX1 4PL', 1, '0123467891', '0123467891', '3', NULL, 'b79568d528f022800446b97180ecb77ba60311f2', 1, 1, '22', '2018-06-22 09:09:06', 2016, 1, '2018-03-01', '2018-11-30');

-- --------------------------------------------------------

--
-- Table structure for table `userTiers`
--

CREATE TABLE `userTiers` (
  `id` int(11) UNSIGNED NOT NULL,
  `uid` int(11) DEFAULT NULL,
  `tier` int(11) DEFAULT NULL
) ENGINE=InnoDB DEFAULT CHARSET=latin1;

--
-- Dumping data for table `userTiers`
--

INSERT INTO `userTiers` (`id`, `uid`, `tier`) VALUES
(2206, 3, 1),
(2207, 3, 2),
(2208, 4, 1),
(2209, 5, 1),
(2210, 6, 1),
(2211, 7, 1),
(2212, 8, 1),
(2213, 9, 1),
(2214, 10, 1),
(2215, 11, 1),
(2216, 12, 1),
(2217, 13, 1),
(2218, 14, 1),
(2219, 15, 1),
(2220, 16, 1),
(2221, 17, 1),
(2222, 18, 1),
(2223, 19, 1),
(2224, 20, 1),
(2225, 21, 1),
(2226, 22, 1),
(2227, 23, 1),
(2228, 24, 1),
(2229, 25, 1),
(2230, 26, 1),
(2231, 27, 1),
(2232, 28, 1),
(2233, 29, 1),
(2234, 30, 1),
(2235, 31, 1),
(2237, 33, 1),
(2238, 34, 1),
(2239, 35, 1),
(2240, 36, 1),
(2241, 37, 1),
(2242, 38, 1),
(2243, 39, 1),
(2244, 40, 1),
(2245, 41, 1),
(2246, 42, 1),
(2247, 43, 1),
(2248, 44, 1),
(2249, 45, 1),
(2251, 47, 1),
(2252, 48, 1),
(2253, 49, 1),
(2254, 50, 1),
(2256, 52, 1),
(2257, 53, 1),
(2258, 54, 1),
(2259, 55, 1),
(2260, 56, 1),
(2261, 57, 1),
(2262, 58, 1),
(2263, 59, 1),
(2265, 61, 1),
(2266, 62, 1),
(2267, 63, 1),
(2268, 64, 1),
(2269, 65, 1),
(2270, 66, 1),
(2271, 67, 1),
(2272, 68, 1),
(2273, 69, 1),
(2274, 70, 1),
(2275, 71, 1),
(2276, 72, 1),
(2278, 74, 1),
(2279, 75, 1),
(2280, 76, 1),
(2281, 77, 1),
(2282, 78, 1),
(2283, 79, 1),
(2284, 80, 1),
(2285, 81, 1),
(2286, 82, 1),
(2287, 83, 1),
(2288, 84, 1),
(2289, 85, 1),
(2290, 86, 1),
(2291, 87, 1),
(2293, 89, 1),
(2294, 90, 1),
(2295, 91, 1),
(2296, 92, 1),
(2297, 93, 1),
(2298, 94, 1),
(2299, 95, 1),
(2300, 96, 1),
(2301, 97, 1),
(2302, 98, 1),
(2303, 99, 1),
(2304, 100, 1),
(2305, 101, 1),
(2306, 102, 1),
(2307, 103, 1),
(2308, 104, 1),
(2313, 109, 1),
(2315, 111, 1),
(2316, 112, 1),
(2317, 113, 1),
(2318, 114, 1),
(2319, 115, 1),
(2320, 116, 1),
(2321, 117, 1),
(2322, 118, 1),
(2323, 119, 1),
(2324, 120, 1),
(2325, 121, 1),
(2326, 122, 1),
(2327, 123, 1),
(2329, 125, 1),
(2331, 4, 2),
(2332, 5, 2),
(2333, 6, 2),
(2334, 7, 2),
(2335, 8, 2),
(2336, 9, 2),
(2337, 10, 2),
(2338, 11, 2),
(2339, 12, 2),
(2340, 13, 2),
(2341, 14, 2),
(2342, 15, 2),
(2343, 16, 2),
(2344, 17, 2),
(2345, 18, 2),
(2346, 19, 2),
(2347, 20, 2),
(2348, 21, 2),
(2349, 22, 2),
(2350, 23, 2),
(2351, 24, 2),
(2352, 25, 2),
(2353, 26, 2),
(2354, 27, 2),
(2355, 28, 2),
(2356, 29, 2),
(2357, 30, 2),
(2358, 31, 2),
(2359, 32, 2),
(2360, 33, 2),
(2361, 34, 2),
(2362, 35, 2),
(2363, 36, 2),
(2364, 37, 2),
(2365, 38, 2),
(2366, 39, 2),
(2367, 40, 2),
(2368, 41, 2),
(2369, 42, 2),
(2370, 43, 2),
(2371, 44, 2),
(2372, 45, 2),
(2373, 46, 2),
(2374, 47, 2),
(2375, 48, 2),
(2376, 49, 2),
(2377, 50, 2),
(2378, 51, 2),
(2379, 52, 2),
(2380, 53, 2),
(2381, 54, 2),
(2382, 55, 2),
(2383, 56, 2),
(2384, 57, 2),
(2385, 58, 2),
(2386, 59, 2),
(2387, 60, 2),
(2388, 61, 2),
(2389, 62, 2),
(2390, 63, 2),
(2391, 64, 2),
(2392, 65, 2),
(2393, 66, 2),
(2394, 67, 2),
(2395, 68, 2),
(2396, 69, 2),
(2397, 70, 2),
(2398, 71, 2),
(2399, 72, 2),
(2400, 73, 2),
(2401, 74, 2),
(2402, 75, 2),
(2403, 76, 2),
(2404, 77, 2),
(2405, 78, 2),
(2406, 79, 2),
(2407, 80, 2),
(2408, 81, 2),
(2409, 82, 2),
(2410, 83, 2),
(2411, 84, 2),
(2412, 85, 2),
(2413, 86, 2),
(2414, 87, 2),
(2415, 88, 2),
(2416, 89, 2),
(2417, 90, 2),
(2418, 91, 2),
(2419, 92, 2),
(2420, 93, 2),
(2421, 94, 2),
(2422, 95, 2),
(2423, 96, 2),
(2424, 97, 2),
(2425, 98, 2),
(2426, 99, 2),
(2427, 100, 2),
(2428, 101, 2),
(2429, 102, 2),
(2430, 103, 2),
(2431, 104, 2),
(2432, 105, 2),
(2433, 106, 2),
(2434, 107, 2),
(2435, 108, 2),
(2436, 109, 2),
(2437, 110, 2),
(2438, 111, 2),
(2439, 112, 2),
(2440, 113, 2),
(2441, 114, 2),
(2442, 115, 2),
(2443, 116, 2),
(2444, 117, 2),
(2445, 118, 2),
(2446, 119, 2),
(2447, 120, 2),
(2448, 121, 2),
(2449, 122, 2),
(2450, 123, 2),
(2451, 124, 2),
(2452, 125, 2),
(2453, 126, 2),
(2454, 127, 1),
(2455, 127, 2),
(2456, 128, 1),
(2457, 129, 2),
(2458, 129, 1),
(2459, 129, 2),
(2460, 130, 1),
(2461, 130, 2);

--
-- Indexes for dumped tables
--

--
-- Indexes for table `expenses2015`
--
ALTER TABLE `expenses2015`
  ADD UNIQUE KEY `accNo` (`accNo`);

--
-- Indexes for table `limits2015`
--
ALTER TABLE `limits2015`
  ADD PRIMARY KEY (`accNo`);

--
-- Indexes for table `promoCodes`
--
ALTER TABLE `promoCodes`
  ADD PRIMARY KEY (`id`);

--
-- Indexes for table `promotions2015`
--
ALTER TABLE `promotions2015`
  ADD PRIMARY KEY (`id`);

--
-- Indexes for table `regions`
--
ALTER TABLE `regions`
  ADD PRIMARY KEY (`r_id`);

--
-- Indexes for table `userPermissions`
--
ALTER TABLE `userPermissions`
  ADD PRIMARY KEY (`id`);

--
-- Indexes for table `userPromos`
--
ALTER TABLE `userPromos`
  ADD PRIMARY KEY (`accNo`);

--
-- Indexes for table `users`
--
ALTER TABLE `users`
  ADD PRIMARY KEY (`id`),
  ADD UNIQUE KEY `accNo` (`accNo`);

--
-- Indexes for table `userTiers`
--
ALTER TABLE `userTiers`
  ADD PRIMARY KEY (`id`);

--
-- AUTO_INCREMENT for dumped tables
--

--
-- AUTO_INCREMENT for table `promoCodes`
--
ALTER TABLE `promoCodes`
  MODIFY `id` int(11) NOT NULL AUTO_INCREMENT;

--
-- AUTO_INCREMENT for table `promotions2015`
--
ALTER TABLE `promotions2015`
  MODIFY `id` int(11) NOT NULL AUTO_INCREMENT, AUTO_INCREMENT=36;

--
-- AUTO_INCREMENT for table `regions`
--
ALTER TABLE `regions`
  MODIFY `r_id` int(11) NOT NULL AUTO_INCREMENT, AUTO_INCREMENT=2;

--
-- AUTO_INCREMENT for table `userPermissions`
--
ALTER TABLE `userPermissions`
  MODIFY `id` int(11) UNSIGNED NOT NULL AUTO_INCREMENT, AUTO_INCREMENT=726;

--
-- AUTO_INCREMENT for table `users`
--
ALTER TABLE `users`
  MODIFY `id` int(11) NOT NULL AUTO_INCREMENT, AUTO_INCREMENT=131;

--
-- AUTO_INCREMENT for table `userTiers`
--
ALTER TABLE `userTiers`
  MODIFY `id` int(11) UNSIGNED NOT NULL AUTO_INCREMENT, AUTO_INCREMENT=2462;
COMMIT;

/*!40101 SET CHARACTER_SET_CLIENT=@OLD_CHARACTER_SET_CLIENT */;
/*!40101 SET CHARACTER_SET_RESULTS=@OLD_CHARACTER_SET_RESULTS */;
/*!40101 SET COLLATION_CONNECTION=@OLD_COLLATION_CONNECTION */;
